filename,blur
bnxzvzqlzlnnbxfkcuin.jpg,0.5
powqsnpoynygwqsciedp.jpg,0.5
zpjlbfhurhygjnqccpii.jpg,0.5
klqqjqnnvyeemvkavivp.jpg,0.5
qwhvkcwctjllkdxaycvj.jpg,0.5
rotatyptdlbhvgylappa.jpg,0.5
oxreycouvsvrgwtdhpdh.jpg,0.5
xnhvzrldpchzofmqscae.jpg,0.5
mldswcksdrurhqxqtwhe.jpg,0.5
mhcfehkynsmohqgnkwbh.jpg,0.5
ocplzwzmojinombjabty.jpg,0.5
xgrcgucfvphduvgsmcms.jpg,0.5
xvytvkfcfyakwagknzog.jpg,0.5
hzxlftrpgsnomzcbidlp.jpg,0.5
ozungexywdyyardbukbs.jpg,0.5
brhkskjxaltuplkduekb.jpg,0.5
wcawuumbmwrpvcywwmnh.jpg,0.5
lwfeiyzckugcelrzljtg.jpg,0.5
ndnqtgwdbthcsplzfzmu.jpg,0.5
pqcqnfmvenruswzzclcl.jpg,0.5
sxycngmpjaxdmnvasgny.jpg,0.5
vghlzcssurwbdcoloyhr.jpg,0.5
gmbsiygtbedxanchuzxo.jpg,0.5
mksdiqwavlwujcxbboee.jpg,0.5
cxspufsqkzcprmtorxpt.jpg,0.5
azvrvnfqanrhegrxkroh.jpg,0.5
xydojzhwjysqbfvydawq.jpg,0.5
nxjimcgfrayyirgbyfjv.jpg,0.5
axrwgapnnuhhugshgqut.jpg,0.5
zclxenjwsqwqtnonluna.jpg,0.5
bjiygszkqrycghuwsdme.jpg,0.5
hlpbcdzpkttpthfsgdev.jpg,0.5
snmsfhhflrbuquytirqu.jpg,0.5
cjqeuthfgwbenhxwjquz.jpg,0.5
sayzffvvevfqhcvbidcl.jpg,0.5
lawmlbrfqogvztvzoeud.jpg,0.5
ijlvlptdaaanxuhrpeut.jpg,0.5
ntndfalcutscmmoxdwzo.jpg,0.5
rkhvxagrlegvhbnpyymx.jpg,0.5
aokmotpfevqikpmwfqwu.jpg,0.5
gnpqjlwznprfzzacemkn.jpg,0.5
uxmolaogrvqzglejtkgh.jpg,0.5
bbqqptgghbvomtxsywte.jpg,0.5
oengpfjwojeprqivfeyz.jpg,0.5
gnxjubfbvmtirxahnxcg.jpg,0.5
cvupuiieibnpyfdkipzl.jpg,0.5
yjlqzcypxrisycpzzzgr.jpg,0.5
jgsuakvbvpoyqbybakea.jpg,0.5
oqqtesgyqbfwnlqxbxsp.jpg,0.5
hmcfyyvlmewxiydjcnis.jpg,0.5
grwudhhhgfkmegpunqpg.jpg,0.5
objnunjysssojplubbgf.jpg,0.5
eboyzwpcvislemzysmeb.jpg,0.5
evuxfriescuopisfkimu.jpg,0.5
xtecwzztymuuwhelhrty.jpg,0.5
bnjtdfzagwkvtpmzzbrj.jpg,0.5
snehzthkthgivzbenyom.jpg,0.5
wrsiaxewxuvrmjidsaex.jpg,0.5
nxstrobpqhfapdhuqqcm.jpg,0.5
ylscxoakykslficumydl.jpg,0.5
intrhkjmaaqohjrjuqeg.jpg,0.5
fombbxrgcpycyjfqtgta.jpg,0.5
gquxunkuicmxdkmqhiji.jpg,0.5
ytpekzxadmghmxvsekdy.jpg,0.5
nnsurakddskvdoiofyve.jpg,0.5
vfyudylrqrfekkleucpp.jpg,0.5
vgyjkojqnnjmqxxizgqh.jpg,0.5
krleerwemhoadfovsygk.jpg,0.5
daexmalfngbkissdhpkz.jpg,0.5
tejucwwygtvurdktlhew.jpg,0.5
okwdkzpagrkknckqwghi.jpg,0.5
cdofnicgfwkkmhtlknqh.jpg,0.5
pzalatwvifegnofcxafg.jpg,0.5
kijgzicsohjluxqjfkzk.jpg,0.5
lgaeespzjoadjrzkuphd.jpg,0.5
mzhfdjzggcrzcfssuany.jpg,0.5
bkarmyfjvujywftstzap.jpg,0.5
kugcowedbiowoalfjzmr.jpg,0.5
kmwyvgaflacvbkxmorta.jpg,0.5
wthagqhnzfuwstaxcwya.jpg,0.5
pedazzvqyytjhpduouvo.jpg,0.5
mfsrwqurpvgetivibbyg.jpg,0.5
plrgukhhquwtlqihygth.jpg,0.5
zeiprsbgxajsvyicghul.jpg,0.5
aympdffhfzpyffrvvqqv.jpg,0.5
ehphrjwwrqhhdczudpho.jpg,0.5
goyijscvqgczkjintlxe.jpg,0.5
mdbgywsbcvrnrzldrccc.jpg,0.5
hesheiqzqdjvmtctvicv.jpg,0.5
slyhtrmmtgesklplvmsh.jpg,0.5
ndeerpkuyqbptejnxdit.jpg,0.5
uzfngwgctbjzcgfpoejl.jpg,0.5
lnhouaiubslildofoiax.jpg,0.5
blamwtalsacrzqkdzgwp.jpg,0.5
wvkokgwubjwuukitdrst.jpg,0.5
yjxndxcuswuttumgzsbh.jpg,0.5
waalqfipczmurqaumexv.jpg,0.5
vctklgmnfwxkrbyfobyh.jpg,0.5
bfzdzfovffpckdgbyttd.jpg,0.5
pknxzenryjooustiawmw.jpg,0.5
pdjfnlcgxzzdvvolukiy.jpg,0.5
biqwrzvglbxbhndhdfpm.jpg,0.5
saezmcjcnbosnrcfqcbe.jpg,0.5
tesvzdjilqsprrsznlou.jpg,0.5
mgfhevufmcljirfvsjet.jpg,0.5
ajvtvvkutaphcgashzvg.jpg,0.5
aqjepqjnrymrwmlnvdaz.jpg,0.5
posbdkmyezbyzduhutsn.jpg,0.5
uygmcrhthvvbwvficuzc.jpg,0.5
fxpvrfcoeuaxqvzmqrxg.jpg,0.5
xvgrjpjibmzgazeukckb.jpg,0.5
ioornzlhtzlqffzypgts.jpg,0.5
xbnfubogtpmjmspxmtlh.jpg,0.5
nlhaguxtuyibykuvvzpd.jpg,0.5
gujkqmwpuelfoguykdko.jpg,0.5
achfvibipchzipmhtjow.jpg,0.5
odpmddckdboimlkclskj.jpg,0.5
srldvfcqyidfrxuzital.jpg,0.5
zejoxtscjtmspffkwers.jpg,0.5
asccexyuuyrtistxedwx.jpg,0.5
ellklyryoflqvdsqxqbe.jpg,0.5
fmctwlvtywbxudwagxke.jpg,0.5
uqzwrcphhirwuywedple.jpg,0.5
gomzvygffqiktnbdtyuu.jpg,0.5
bwdhdzcquvlpkpqlvgci.jpg,0.5
zwihjhyiqjrcsbyfwgdm.jpg,0.5
wltivuiplhajqyumyyra.jpg,0.5
stzlxqyhnrmajkacdtjw.jpg,0.5
hkojclwrvasvijmwknha.jpg,0.5
jjezszamxjvuxdotoqqs.jpg,0.5
scvsaetihhugavvgpluw.jpg,0.5
kqdlsulfnkkokvpygzon.jpg,0.5
dvglmxldnjwhubgmiqxd.jpg,0.5
oohaeigmxlhesetuwmgb.jpg,0.5
iwpjqwqggiwivsoicrxy.jpg,0.5
takfibxfjsqrcionbhuf.jpg,0.5
ixbswtabzyczzarfwavr.jpg,0.5
tntgmzocxobxrecwwamr.jpg,0.5
qszghitfrlrvipliozxl.jpg,0.5
ctqhcusxkjcgnlugsphx.jpg,0.5
lnqvzncbctberewmmutx.jpg,0.5
oepjdzyuzlzwnjahfwzc.jpg,0.5
ppuoksjdrsqkusnzqsnk.jpg,0.5
vcklrzpxtpbtdqkewofr.jpg,0.5
eidavtckciwiknjylawh.jpg,0.5
hlxjtdswmckwvjpuqdfg.jpg,0.5
uncyswkmadvcrtdgwiow.jpg,0.5
cvyemelmctwiejfnlfpg.jpg,0.5
lgkprsrlczfcktbqyrnx.jpg,0.5
plpuqqqijvodtyezypzf.jpg,0.5
hlaxqnowxihpxxzvkydj.jpg,0.5
qjytvtdkfmscqclykobd.jpg,0.5
yqfndvwhpaprlvtybjxx.jpg,0.5
sjkqrzjunpnxqugfzbyu.jpg,0.5
cutxyylipojsjoidymvy.jpg,0.5
duhklhliopmjqrrvebpw.jpg,0.5
vejafcwjxkurpomqsovw.jpg,0.5
pfxytdyeduqgiwwspztn.jpg,0.5
phxtxhkopniorhptahbf.jpg,0.5
ormzkpfuqxeunzmymvsi.jpg,0.5
fowhycesaznbwgvebxqr.jpg,0.5
qgsnyemntqeimlamvmjx.jpg,0.5
eezlfnpcwckibvkbebie.jpg,0.5
xybmisgqvdmhyohfsgvp.jpg,0.5
eigzvglsrmspwcimcnpm.jpg,0.5
zrtxkpkmklvendfvzmhx.jpg,0.5
jcvpbgszgixmebuigzym.jpg,0.5
vxftoxbznsysnbivltob.jpg,0.5
imnbegdoeqztmlabsyfe.jpg,0.5
ihyfaoievvgnelhyapwc.jpg,0.5
dbyqfobipkzoqdhisaui.jpg,0.5
ibnlezbdbqhsuawwvevi.jpg,0.5
cwdtymfhrpvxbzeukpba.jpg,0.5
pnkzahzacatlptcluvod.jpg,0.5
wplixqwnhzqlslnldevw.jpg,0.5
dnhfbaxoxaivufzcorgb.jpg,0.5
yezxkspwbkgnilxpjajy.jpg,0.5
khqvtpebxxqvxlgtvaea.jpg,0.5
thmvbryzowwcnnorjfjo.jpg,0.5
beomagnrhfsisfjbfssp.jpg,0.5
afbmymiwhhvozvwexzty.jpg,0.5
kusetfzhrhpecxtcryyo.jpg,0.5
qutogpwuagkheqvamzws.jpg,0.5
myaztmrrbqishxqbcgdi.jpg,0.5
efdclzzuobnwcqnynuwp.jpg,0.5
mggyfsssfjuhnnuzjzjn.jpg,0.5
waieruigtaggzpfjkbqc.jpg,0.5
mspkeatwihqzrorrkdey.jpg,0.5
cjskoixfbxbduiijakzn.jpg,0.5
gvkflshwzbjrxpgyewxy.jpg,0.5
gwzvgsawsmfblkttfcuq.jpg,0.5
wqzgfswtmnpcsbnhinok.jpg,0.5
gasrcbfrhcdhtriwjcvk.jpg,0.5
rdqmlrqscqxevtllbwpl.jpg,0.5
teqkbajpzrcmlnziwlne.jpg,0.5
iagpcyhpcgofjbuysnmh.jpg,0.5
upyzddyatyfgmnnystms.jpg,0.5
lqbqinmjiflfmdvblamr.jpg,0.5
enoiazlvqekiqxfcihsu.jpg,0.5
cguzzzvnheanxnfrkmtr.jpg,0.5
zbxijoomsigvensfsiid.jpg,0.5
zdmnhnzsvaacogxplrtk.jpg,0.5
mlneumwnayimgvomxlkw.jpg,0.5
pgpebcnbvlknfplzqxxx.jpg,0.5
xqitcjqmoiivobcsyxbg.jpg,0.5
oyhrnzmcrjovzsuhczdy.jpg,0.5
pvylcugzviwaxrilergy.jpg,0.5
yhnjrejwtgrxkwwakzrz.jpg,0.5
ahqjkaowvephhufdlvgu.jpg,0.5
ndfgefwgfbxyoqgychgy.jpg,0.5
oyqwnffhendlwjcyjdyz.jpg,0.5
veuaabtedwpjqzmpdpzy.jpg,0.5
xcailmpgaqsuhunnuucq.jpg,0.5
hespqkawrnjiytsibffo.jpg,0.5
wbgvxormngtwvwohlbhk.jpg,0.5
tdkyminsnnhvwtlrklvt.jpg,0.5
pjsbflucfhbdafpiabij.jpg,0.5
qzwkbwnilmhhrbsivwmr.jpg,0.5
cikwqtdkyvxoultdcuqt.jpg,0.5
kbyyfjtyrwgpfkfeqnon.jpg,0.5
vikyyrpusucixvdzxutg.jpg,0.5
yyqdsdvujtxxfvqzphml.jpg,0.5
vyxsrcohplvrmudpnqmp.jpg,0.5
amcyvzprallpofwrugll.jpg,0.5
dslikkgqpbcgfkymdcpp.jpg,0.5
fzlzcqhxvzrckmnvntfa.jpg,0.5
vxkvkimlynqoirsbhbel.jpg,0.5
qlquqfqamdiaolxchcht.jpg,0.5
lgbhzcusqtpkvkzzdyjx.jpg,0.5
kgqljfwcbkpwklikxlyz.jpg,0.5
nmozibaiclocosexadvo.jpg,0.5
kezsqmyyirxeoicxlevz.jpg,0.5
xfsfjbkckeflikjfqowy.jpg,0.5
qhidvpjjnvoiosfthzsu.jpg,0.5
bufbghzhgdgztfhplaek.jpg,0.5
ougnvgqdibeipwnchnyl.jpg,0.5
fbgjjylockhoqblodqse.jpg,0.5
jeuqbzovwyqbnjdqsdjj.jpg,0.5
lvljwdswffheuhpwteud.jpg,0.5
ipkoywwsovizhfncsklm.jpg,0.5
qgmidwyyesltvnpozkfd.jpg,0.5
ngqcrsqhnijqivonkifp.jpg,0.5
lmzvhqiddenbcskmidpt.jpg,0.5
cpexqavvktkyrrxrxwzp.jpg,0.5
gbyawdxamfqfinotvxik.jpg,0.5
nhjvrdobcdudolccsbfu.jpg,0.5
eenjodgpssbljeccbgdx.jpg,0.5
cfcrorbvsomiwwzttxus.jpg,0.5
vgfgnaoefsnubvojrkht.jpg,0.5
vkponkspdyoraaxfxvkf.jpg,0.5
widhwywzsryxrbbyquxv.jpg,0.5
eksgeyzhslmsgmoqgbdt.jpg,0.5
dnxfjtkxdwutrsixnasw.jpg,0.5
hvagezydxlddblyullrf.jpg,0.5
dscjlkfreeefhfhxnvot.jpg,0.5
cmhschjocmtmxxhfkxcs.jpg,0.5
rnjxztjaebtpvegoizvl.jpg,0.5
aolwdjviypgegcstmhru.jpg,0.5
oazyqymevzupcgnfqifz.jpg,0.5
pcysghicikpolzsztwma.jpg,0.5
wbsqrhlolivbxdgsbpkr.jpg,0.5
eimopgbaonevbsklqqmr.jpg,0.5
elvycskwzasvzeevlkjn.jpg,0.5
kfzuoyrdsncolxginnsx.jpg,0.5
ycjkelmpkuiqfgpvuzgq.jpg,0.5
tyueqyhoxyuzcjbqrwmh.jpg,0.5
lsayplgreddsyvgtpijs.jpg,0.5
nwefentdmpcfvvgdidfm.jpg,0.5
qhhpekntxvggqqrjeezu.jpg,0.5
cvwxlwpccxcxaiiityxt.jpg,0.5
lqcoloayxcopirnevdcj.jpg,0.5
iddrtbxeewsozlcmykku.jpg,0.5
jzyezvpmcfmulngrjcfr.jpg,0.5
qkvrxzjvtigbmljxbrda.jpg,0.5
qyyrtnstekhhazzzjllu.jpg,0.5
btjlbujvpejorkpxmxwk.jpg,0.5
dzfpznizsensebcwkjyb.jpg,0.5
nymbnvpmmrvioyozurxn.jpg,0.5
blwpotxpktaucsfgjkne.jpg,0.5
mtvuyfoqqktornupmnqi.jpg,0.5
uibemuqrejkispjiiqmr.jpg,0.5
eirvpncabutrvlwveshx.jpg,0.5
lqjpguhswizfgyxgitgr.jpg,0.5
nitdhgrdlemypesgxzfr.jpg,0.5
khivlnxsznspxxclqqou.jpg,0.5
vrjhycfslftcgakrrogl.jpg,0.5
lrwxewojgmdenxycrjpq.jpg,0.5
vaqkyulwhjpifjazqrio.jpg,0.5
gggghhiiwpibeguqydpv.jpg,0.5
gdpdlnnpggazktiheqkr.jpg,0.5
lsgvwtrfomheqbuicsux.jpg,0.5
huayvjoskxwdzcouhosy.jpg,0.5
fdqpwcoebcgwrakahvuc.jpg,0.5
embslhqpiqpayeknyouz.jpg,0.5
atoinaiktqfxknqlnukb.jpg,0.5
vmyqyqjaxkrgmaounuhg.jpg,0.5
szvimaajqfkciifhdqgx.jpg,0.5
fhfjnywssiddywpgcjec.jpg,0.5
joqajbejnjwujozynvqt.jpg,0.5
utarqpgkfxuxgohvplco.jpg,0.5
turudimbdmpzwxilfnwj.jpg,0.5
vlnaruiairwlovamrgeq.jpg,0.5
momggphlkddgzvoyoiub.jpg,0.5
bubphlsjnxrhzokhqlzt.jpg,0.5
fqsrdzvgishrtfklhwik.jpg,0.5
vyvswdfnqmphjqosmerr.jpg,0.5
iraamnvnqcitjydckxau.jpg,0.5
wogssxzpgfjsdziayudj.jpg,0.5
qgbmftqqbjhbnwgpqfcv.jpg,0.5
ublwpvebzhxzcvdtqbty.jpg,0.5
ndyeidvaqschfoefnevq.jpg,0.5
qxdhtkagyebqoahislzb.jpg,0.5
tficyxerrjzrpglgdkkt.jpg,0.5
ldybwsmrmkugsdqpnheb.jpg,0.5
yusmlkweyessdukglrgk.jpg,0.5
gapfyxdsjutjesqakqxo.jpg,0.5
avgbkpxmnbhcwsefrfkg.jpg,0.5
agsxpjnxlikqtitjyivk.jpg,0.5
pgyswjixhnotvoewligc.jpg,0.5
ewnriytbnebfxwmoelpy.jpg,0.5
poaoduufrleadyyvvfhh.jpg,0.5
uphhuntozyqkvkfzeabp.jpg,0.5
dmqahxuzuigkkyjrbanr.jpg,0.5
jxuwwtxedfiwftxzecvh.jpg,0.5
evedliddralbjkhycrzm.jpg,0.5
hndemjhnkqfdtuseletk.jpg,0.5
waqqnowvfatdnfqvzcbq.jpg,0.5
nqothkcxrcuhzmyxypdz.jpg,0.5
hhyebyflshxradawipah.jpg,0.5
ejgrodzlnaxwirnyjvfu.jpg,0.5
uxmwqrmxqzzscovwmugm.jpg,0.5
ccaswajyzazqgoecyulc.jpg,0.5
pxxrokikiylopjuplxmc.jpg,0.5
gkbwxmoxtodywedgvgei.jpg,0.5
amrqjubcbdohtaqnvpps.jpg,0.5
kffosllpmfaemdinijqx.jpg,0.5
mewwfkogymchtnzgzjxe.jpg,0.5
bbcnocktbtqpxicaqmng.jpg,0.5
hyliitymhmhdvjmlxhax.jpg,0.5
tmzsghbqkeavanlwhppi.jpg,0.5
eqmnjtacxzijgjzpuytl.jpg,0.5
zxaoejaxlyrjqcvrjben.jpg,0.5
ejzdmftwilwrwvxlehxr.jpg,0.5
glcayauaezgueljpptkn.jpg,0.5
grfhuyudhyjamiozobrw.jpg,0.5
wwwfzelsqmqfjqjxinlp.jpg,0.5
zvavwunqimpeqmiahuxd.jpg,0.5
umpzypxrahlnrokpnkud.jpg,0.5
jwmpmjspuaqxrucdpugi.jpg,0.5
qfqqwsquirjhzmjrjkzv.jpg,0.5
eaufgfyvsgpqypnspety.jpg,0.5
lsoqioynrqlkciiyyecx.jpg,0.5
baxlrhnrilyhfdqcakfw.jpg,0.5
ftaffshuxvtexizsymlu.jpg,0.5
whbvjjzmmghmeckbokhd.jpg,0.5
zzvskanujrkgxmzcqofh.jpg,0.5
cerbjsyueeumsovpydvo.jpg,0.5
ozhzrlikcoouivnfuthl.jpg,0.5
scjzwejgqzznlevtgyik.jpg,0.5
oyoqyxxcamqusinxplmp.jpg,0.5
jwgitepstujfeqemuqfv.jpg,0.5
vhbaucfjdvrxickkdhdo.jpg,0.5
movfzbwrhyrkbhjaslbc.jpg,0.5
hdjerfhchodobzwjiotu.jpg,0.5
vuqevysxiodvoafcjdvi.jpg,0.5
rkhqlpojvtyxeircfmnt.jpg,0.5
wuytkfhwhpfpekirysaw.jpg,0.5
ynssdembkfmhyroivcmy.jpg,0.5
hgrrvhakkzyyadxhzedv.jpg,0.5
qyggvfumwxvmzprwnmfq.jpg,0.5
ohrwiupqwajxfpsoorkp.jpg,0.5
hufjsqsdnnmqgogoreey.jpg,0.5
citkdckqbdqmlkbcnnof.jpg,0.5
wptzsuqauvnfpfrtcuqi.jpg,0.5
jbivguzxjjdqlfnfhchc.jpg,0.5
zkgutmgmvaauddmxknfr.jpg,0.5
rflvceijlrviwomeqicx.jpg,0.5
tosyximecghajwopeoid.jpg,0.5
elubrrwvkdedznaidqay.jpg,0.5
pvnfpiyrwyaxpcuzmppf.jpg,0.5
pinxoiwvpevdnbcvhwei.jpg,0.5
aokafwotfflenmfzyyuo.jpg,0.5
vgnqpsrgfiqrsetnuslx.jpg,0.5
ojxxwezxbehvwwtksaff.jpg,0.5
nvnfaherfsujtfowdbkl.jpg,0.5
dmqmzuvyumfoucfblzro.jpg,0.5
oxvomhuybxqqyzuvjmlc.jpg,0.5
zlrzimffqptdondjglge.jpg,0.5
jdscczvurbvtqmnwamlg.jpg,0.5
cjuajtevbfwfcrafqcdc.jpg,0.5
dmbvylfophveiyaemchz.jpg,0.5
dzhodeqegzhepdwgpymp.jpg,0.5
xxhmssqarzypkvkmdmuu.jpg,0.5
dhgqbhtozuesxwyconpq.jpg,0.5
wjewerjwdylemrdfxygh.jpg,0.5
ecbbvrsfqhsuimbkymyz.jpg,0.5
hsotgdhdhnqtczyommpo.jpg,0.5
bdjididfhrbheuicevte.jpg,0.5
ekhtqkmtwrkpbrndzlrs.jpg,0.5
ycfelbjofjcwrifmwqpo.jpg,0.5
ixhanyqzzuifgdgywyml.jpg,0.5
dhnzmwmzoaagjfinnyad.jpg,0.5
cfyggordhpckyigktfio.jpg,0.5
dzouceeoxvcavjkysvht.jpg,0.5
vxmqkfejbreblavuambp.jpg,0.5
hahzuoiofxftftclcwca.jpg,0.5
ooxcmvjjythzrtbykzbz.jpg,0.5
qaxwelpmkvdrevguaukl.jpg,0.5
taigfzgimihtnfmbukho.jpg,0.5
xzzsxjidgbzjmxiaaxup.jpg,0.5
zterdijbdgdtylwzgmap.jpg,0.5
qiqmeorgjqjqpjvaovtg.jpg,0.5
cfleibdwzsanjpvcqexy.jpg,0.5
njghlopgsurdpkdbirgm.jpg,0.5
ebbimkeusnvntpkqedvl.jpg,0.5
kcuvqxkojpjnxoqjgrcx.jpg,0.5
lqrvnuzsvknlojsbnwao.jpg,0.5
pgobnitmnqrgmcwduzeq.jpg,0.5
diozqjcrfyqazbgrdgyg.jpg,0.5
curxlqokritvivupbvae.jpg,0.5
xpuexjkoopucdokdagqr.jpg,0.5
qnsjzywzoxvejgewkzdj.jpg,0.5
vdmqcaqdxajizeytrrsl.jpg,0.5
ouvahnqjkzyleiutzikt.jpg,0.5
avyntacsmhdnozlckspe.jpg,0.5
fkbocbavdajijcikpkvg.jpg,0.5
gbgqofiroaqsiehechup.jpg,0.5
qrlnhrbsdvsxcwfgjghi.jpg,0.5
cnenkslwwbgocnijlwxj.jpg,0.5
dsyuzpzwzhlvxvqjcvda.jpg,0.5
fkoujrdmhuitiylzoudg.jpg,0.5
wgkjnvwwvbyckaefkvgp.jpg,0.5
fbjnxsvpqgnvumdbupcg.jpg,0.5
qkbbjxtyvwctdyrlvyit.jpg,0.5
eeyaydrysujiislvigcx.jpg,0.5
jpaosufrhcafiycvtwuz.jpg,0.5
ripbazdlcizcxqppvwnk.jpg,0.5
aefilcxppgkwhnusvziq.jpg,0.5
dccwzocpllhckdsquktv.jpg,0.5
zgpradiwtouawknlsshg.jpg,0.5
pmtfrejwdtzjnyshfiht.jpg,0.5
cjzmwrfzatdpaaapuuss.jpg,0.5
cbdbktubndponpzwhpvt.jpg,0.5
jiedbbwgymvwzyopywjz.jpg,0.5
cprkibrmofgvqsaalpzi.jpg,0.5
hmdjkcjmzaywsjzohcaf.jpg,0.5
mazinfmjbwsclvemqoro.jpg,0.5
vgvmqgzubitqdomfzyjl.jpg,0.5
zxmhmmdojtrqcpzbfqmo.jpg,0.5
zytbqidsjtourxzyfasw.jpg,0.5
lprdjalmttmitseuntir.jpg,0.5
gwfrocyrrikqyyxejhis.jpg,0.5
gfvupvcwdvgvmcumbtpc.jpg,0.5
wyacqmyjcqhqawomulco.jpg,0.5
nidltlkkfypccssjeizp.jpg,0.5
iqjpgkmhwvxwvcwqtkhk.jpg,0.5
ztnoxnohhqtgidcyvihi.jpg,0.5
iejafhebncqcgirtfhmp.jpg,0.5
jnujizpfdqdglnritkcb.jpg,0.5
ffafbdzoqwbjukvkvyph.jpg,0.5
mijfsegsoocdteepdurc.jpg,0.5
hhxjgoitttbylxwipvcm.jpg,0.5
bwqfptjoxklrllobonzh.jpg,0.5
ofoaottwvludhuyropsn.jpg,0.5
kdnkblqbqfrmzlhwnlkt.jpg,0.5
ypcksyvojsxiikqwhaju.jpg,0.5
qqbkigcidkthehovngqu.jpg,0.5
rrsickunxytydkehlwmv.jpg,0.5
vtxshuqhwpfzagutewcf.jpg,0.5
zmxhdvqgembadvepdmcz.jpg,0.5
jkihrcpxymyoomwlhrvv.jpg,0.5
bbyjbobcyjzrmcwkrfcs.jpg,0.5
uodfjeaxvfimdhaocdeo.jpg,0.5
mccihljzlksnufplknyo.jpg,0.5
oxvalbmdruepdvalmovq.jpg,0.5
tfzvpknvxbsfnlzfctrb.jpg,0.5
xiwpyqbppiguvkuelrha.jpg,0.5
qtrksiuykhyzislhxxug.jpg,0.5
vanwhmqwcyfmvglucxgm.jpg,0.5
grzifiwxiqnwpptdqpzn.jpg,0.5
vkryqewgmaqdngqlzwem.jpg,0.5
mzprkgwzaxhshssmrpkb.jpg,0.5
mxbqttvlrnhopynmljvq.jpg,0.5
wfoslemclduvkzoxlwmk.jpg,0.5
kszlbvlzlvcecfmqsdrb.jpg,0.5
aamnsxdfcsnrdkyczxnm.jpg,0.5
ljgzfirsfwhcdkocuozu.jpg,0.5
hmzdaigslznqxxyxtysn.jpg,0.5
nrwhrdppxzsmfskmdbpl.jpg,0.5
elhmmqeffqqiipaunttu.jpg,0.5
jexprcimpcddyhutnxxw.jpg,0.5
kxhoopunpvpjncutssxr.jpg,0.5
wcvbltzsszqtdmtjztfq.jpg,0.5
uzppblgcsjrwhgofcmig.jpg,0.5
oyiqmplsgivhxcrlsgio.jpg,0.5
faekpucuchuptfmjochf.jpg,0.5
vunwvyjnagdgamsrzgin.jpg,0.5
uxyboavqtehaqggpjvyx.jpg,0.5
uyfsostetgyrzbmqzear.jpg,0.5
xtfamyirzcppadbqbejl.jpg,0.5
rarwedwkgivamorvmpbq.jpg,0.5
qonypesvckwgrampchzp.jpg,0.5
uwnyyxsoakydzeqyqnfn.jpg,0.5
wemheoaobkwllgppzkit.jpg,0.5
rrckhsctqancuwhsqvzd.jpg,0.5
mnegexrnjhqiezxgxhqh.jpg,0.5
qhwklybmfcyksvddsgye.jpg,0.5
odhzrppimlwcoxdolnjg.jpg,0.5
enljvcjumlchhkneqnan.jpg,0.5
ejfyqxzfnuryypfceokh.jpg,0.5
lsvxedldglknjtmulkcc.jpg,0.5
oylpywpwgobocnawyaed.jpg,0.5
kfojqxkiqqzvrtzacvjq.jpg,0.5
byrkvfswhgzpglwikazp.jpg,0.5
zkgcnjitxoizmbriaewd.jpg,0.5
lwsmccqxzdkonpdnzofl.jpg,0.5
hynogkqncsbbwrdrmnjy.jpg,0.5
qxmsgghcckelkadxoyih.jpg,0.5
gcumygqpczrsoktzhcxn.jpg,0.5
ynuhlcrgncgzvfomescd.jpg,0.5
btqsguzljzeqijyvbaru.jpg,0.5
mdpizxquijjcvquqkeuj.jpg,0.5
nkikemfrjzylhoitjote.jpg,0.5
hqwoptxkhmuazjxpoyjt.jpg,0.5
uxjijcbfdjuaigagwcti.jpg,0.5
yehmloyoxkvxgzcwkyhl.jpg,0.5
wjkuwoquxcqtvmwbydki.jpg,0.5
puffrdoqktbmqmfdwvln.jpg,0.5
gjldcpbzwqooapfqvnth.jpg,0.5
anfevagjcqdjqmwwlmll.jpg,0.5
fwtbtncwdmsrwwtgkiim.jpg,0.5
otiknyskcxewyslgcaob.jpg,0.5
uuzcwdbxcvhwvdqypala.jpg,0.5
ujdzmgljccipesiitbfv.jpg,0.5
htpsjdnngvmkjduratxl.jpg,0.5
brayxthtjjpogblztpwr.jpg,0.5
ldlqpodalyeodanwzfgc.jpg,0.5
fzlcmpfpfqymcngmwgwg.jpg,0.5
jpqlzlegmydaasilezzs.jpg,0.5
nyqalzppmimpttbetbtb.jpg,0.5
yyqghnlnhrzqevvkzaks.jpg,0.5
qianymzyrxhvfsdavpcc.jpg,0.5
dqpgutxqklchvtqlhqme.jpg,0.5
acgycwqzujjxrigweldc.jpg,0.5
fypnbvdjytoeycwfkbof.jpg,0.5
meyhbflotbzqsykxiokb.jpg,0.5
jkwnnqtnuiargwskbqfc.jpg,0.5
ueplhnddcezkfqkareaj.jpg,0.5
takdddybcsdawxhfoamw.jpg,0.5
dpruqgpcwdjjqnfxmizt.jpg,0.5
znbijwdmepmaysbskjtx.jpg,0.5
jlsjgydlcofelyvrpqql.jpg,0.5
rlqbmonstfhqqdlmivhc.jpg,0.5
tcmiukyiyofececqheyk.jpg,0.5
qdmcexhzmycvwarmdzic.jpg,0.5
ivqlljesiulwnrgvbcxn.jpg,0.5
xndqcdqacdhlavpagghb.jpg,0.5
tpkcsfgpkutpyorbxnma.jpg,0.5
rnxdywbwepqokhbteslv.jpg,0.5
excvarsvwsqsegphgetq.jpg,0.5
zcofkppkkwmgksbyrdlm.jpg,0.5
mmdijabdinnzxixgkpez.jpg,0.5
gnzcgtsidisvvtrdewbl.jpg,0.5
azqyrckboqvjbhpfpiws.jpg,0.5
nflipvrpydcifdwlnttq.jpg,0.5
jokxsmrovwxpbpnusjbd.jpg,0.5
kihmqamsztgtfnyntzwx.jpg,0.5
jttklexkpqehqhmreqav.jpg,0.5
twunnccwoidcyrahvhcs.jpg,0.5
mygsqongbmsvyeipokqv.jpg,0.5
jzqaavxlboxaqzgbpklu.jpg,0.5
ofwdruessnujzqjexyei.jpg,0.5
zmmilxfeicripvvkaoot.jpg,0.5
zyeduzrzwbsdfogyaeug.jpg,0.5
provwyubupyqckderddu.jpg,0.5
gyxusxmedrzuluhgnvco.jpg,0.5
xjzibwpysqxflunnzfoi.jpg,0.5
rlswkrrqojpdxkhyuemo.jpg,0.5
jvwpxfubowwuukcbtzvn.jpg,0.5
iutbriqerqskzbrbdyco.jpg,0.5
mjkbexvvaaqdcozstvbf.jpg,0.5
mzvgcqaocxfthkjixtia.jpg,0.5
ochlqecubuobettuvwdp.jpg,0.5
dufxhphtkcneaaxcoqlf.jpg,0.5
orsjvvtslbnlgjuuiidg.jpg,0.5
clrbniiljdfhxmkildut.jpg,0.5
kqzopodoksrxmsghxfxq.jpg,0.5
orxrwoazqlltccbwglgi.jpg,0.5
gcolhgceouxnwofwqtse.jpg,0.5
buabusyljgjkvcclmbzi.jpg,0.5
oqpwiybzirgxxxlbvrag.jpg,0.5
brwxdhouysdqzpaellci.jpg,0.5
iauuambxmhxukalaepft.jpg,0.5
ygzyhqxiewiojycjazrm.jpg,0.5
sqwvuwyasmwxlapymatm.jpg,0.5
vqeecepjmhsmfnpgftkz.jpg,0.5
tuxqnzvivmiqjlarexno.jpg,0.5
shvqgakhgrcixysuhkly.jpg,0.5
dsiduhbvpixxvycobvdl.jpg,0.5
mpaxpvgyxjgzxudmuuir.jpg,0.5
xzhovvmaqcanfhzkojxu.jpg,0.5
luyaebreqcctmzsfavud.jpg,0.5
srdgrdpwyzzwaqlmgsta.jpg,0.5
fxqcfwpftoroyglysaks.jpg,0.5
dxhxlumnlgqzuafvxhax.jpg,0.5
ambstcwzvhqxqmocuryr.jpg,0.5
qfyvmxkfpofeknuginpe.jpg,0.5
tjihzpujuvatpiothyfq.jpg,0.5
wlidfylvouxelivuksmy.jpg,0.5
hdgidhdwjosysbsmidtm.jpg,0.5
eaqxmtwjytssidisdfam.jpg,0.5
lhfdfdkcrepoougdxpta.jpg,0.5
ovdypvgqunuvsnjwhgio.jpg,0.5
nlcrhlsdnbriryywbtds.jpg,0.5
hvxndfzdcevasvqtdwkg.jpg,0.5
mzsvtxzenmrcubecjsiz.jpg,0.5
hisoulsaiwifhvuzigjm.jpg,0.5
colmrwqpgabtxexgtzgy.jpg,0.5
nftclefsgpubnuihcgav.jpg,0.5
hgickigemldelqcogvfr.jpg,0.5
mkmhaaosbwlgecjjlfdf.jpg,0.5
onotrkeirxodtyfksqrx.jpg,0.5
svfpugvdnwcvcnbhrrqp.jpg,0.5
fnkjouiepdxqguzqlysa.jpg,0.5
zipwndjttploxfdtnmzh.jpg,0.5
hpnkexumxklgdoxrsnlp.jpg,0.5
qzkvfqhatimkyhyxhazi.jpg,0.5
wpjhqkpoueiogrwwbhnq.jpg,0.5
bgfxvzqagcycfqqbfksn.jpg,0.5
yyhcjqacavipujxopzfm.jpg,0.5
brbntfonfyzzpubepugm.jpg,0.5
vhxisycvtltwdxqzhqts.jpg,0.5
xtfqbvjwtdjncudtvkah.jpg,0.5
ayfgnuvqgptisrxcoqnq.jpg,0.5
obvsuzdidtqwddjrfdww.jpg,0.5
cvywfzbjpzovfipoaoct.jpg,0.5
fswtwwcbsemgjgxcxseh.jpg,0.5
iducvyouevsurwjhtvkb.jpg,0.5
mttwgkeumpwkigielkyo.jpg,0.5
dodocoomcrgxntvvijvx.jpg,0.5
cvwlzhpbguuglfgpsewz.jpg,0.5
rpsebdqhvkmenufcndcy.jpg,0.5
pklcqngsfvrttsspwsjn.jpg,0.5
utghmwlqufvjsomovafc.jpg,0.5
evoiokackvxsolkgzhnd.jpg,0.5
yyqqvyskmawvtklbgpvr.jpg,0.5
fovjsmkielpgirtexzjy.jpg,0.5
xtlqtisvmxilaetdrcjv.jpg,0.5
uzpgixzodjkaqakxzxgu.jpg,0.5
ydgbunvfjuqwtxyfclhg.jpg,0.5
mtmwzobyazavhpccnmmk.jpg,0.5
higmlqirjksxovamllqk.jpg,0.5
tsvepqybltwdvahbwbek.jpg,0.5
bmlfgszjiysqfvrpqrex.jpg,0.5
mkwujbrfseevtiirbpgd.jpg,0.5
xsnxudwrofdmiccxkbtc.jpg,0.5
tjuxfnnsglwyajgdzrzx.jpg,0.5
odnjjnyvmrmkxyofmrtz.jpg,0.5
qbswzsfmdsinrjrfmczi.jpg,0.5
elpfkaolfkgldualuios.jpg,0.5
gnllstkcsadxbivopbgj.jpg,0.5
beekjrzbfngakpjqaemh.jpg,0.5
eymxkinudunmlvnfhlyg.jpg,0.5
yviatxorgaavxcfvjaqu.jpg,0.5
uqeusovutdtulnjdoyjs.jpg,0.5
atmycuvwoxgqwzarzdbu.jpg,0.5
xbgkfqzykfmxqqsievng.jpg,0.5
zecwhibsvhkuwhckmsng.jpg,0.5
yophuxitcwszeuyyqmsp.jpg,0.5
brusfwkqdcoevwzqtqjm.jpg,0.5
shdqypkzqxifywqykdgw.jpg,0.5
yafzwujidbwfbswaslnt.jpg,0.5
xdnlytjobzhvmezmvipj.jpg,0.5
buhygssmuijxlslkmnvh.jpg,0.5
toetlhhhkggxuzavicna.jpg,0.5
azhhybbdtoewbearimuo.jpg,0.5
axwqnvsyiuqhfygkwmmo.jpg,0.5
gkqkwktrwapavlknxmwl.jpg,0.5
rttdpbqxspblulrpnvtu.jpg,0.5
qxkkmdcvgvegzgwcvuep.jpg,0.5
zebexjatyjjcekmdpexu.jpg,0.5
mfilqdxwtolhmnvleybe.jpg,0.5
xdjyidcwdspajqwalmqx.jpg,0.5
odnpyacwbhpfydevmvte.jpg,0.5
lzzilkcdezfcvwwdreye.jpg,0.5
ovncgmfqtlyxjyuvtbpt.jpg,0.5
tymqqgxnfaewztpyursx.jpg,0.5
dksixoyzixehufohddyz.jpg,0.5
ciditffmiqnmbbxklcrw.jpg,0.5
ulbpgbxvkirnmjehtnlp.jpg,0.5
mgnyyxzqruwafujyttqm.jpg,0.5
dueldbepgnxacbmyalmi.jpg,0.5
zlqgigkaelddfcwitaer.jpg,0.5
ejfwkjphvcwturrelqon.jpg,0.5
habmbscmfxjezsrhbdoe.jpg,0.5
oibpckdipkfaowqpwalf.jpg,0.5
aowheuufqxlfkepkfpvq.jpg,0.5
mtauwiyubyuqfnagayaz.jpg,0.5
ngsrmajzkxkpcjvwqvyv.jpg,0.5
jkxeygtsfodfqeccgxsm.jpg,0.5
ymxfayumlfjbtpixnrbf.jpg,0.5
ynguqrqlacopupwufqoj.jpg,0.5
jjtvvibtleyavnbvmgam.jpg,0.5
bokvyndjthzntknxaezo.jpg,0.5
mafnvtgxzqzxskyqsssa.jpg,0.5
epcbnbenvjvzuzlcucjl.jpg,0.5
vkrxloogukbajrvmtmyh.jpg,0.5
vqfwbiftmdvanlbynqnu.jpg,0.5
gcgsnpzrwkjllaxpemix.jpg,0.5
vxcjsxvaucfswhwpyqxk.jpg,0.5
hjsgkozzghmrlqvrpnpd.jpg,0.5
uhtokkrvkvxscwnmhwjt.jpg,0.5
rdmfxdkrfidwlfydbxmt.jpg,0.5
adicqesamknapclvcesb.jpg,0.5
mczcgyxcsahblsycynyt.jpg,0.5
mekfuruzmybubtgttjjm.jpg,0.5
uyyibksdoladackffuyc.jpg,0.5
vjtmeqiiyipxlvosokml.jpg,0.5
ezvsyfloccbsutayyidu.jpg,0.5
wyfgdwhrsnowonrpnavx.jpg,0.5
ouqdjaohqyomtgadalkv.jpg,0.5
dtmlchtshnukqbcxwgnm.jpg,0.5
lsecbjohmshkzfyhwnvz.jpg,0.5
rfamaiitioqpheoclvmr.jpg,0.5
tampppyippgqlukisrji.jpg,0.5
ncynflvqmzujqmtxorma.jpg,0.5
akpedwlmvfgipnhviufr.jpg,0.5
czepwdnwupifallqfkdu.jpg,0.5
xebxsspphsjplkvhdohw.jpg,0.5
iszeyhqwdebjvjllgrkc.jpg,0.5
hmohcpuywowofoehmhzo.jpg,0.5
stwkwmxwuuwomvdrimoq.jpg,0.5
gsuavyiywupanhubikcd.jpg,0.5
euccsukbzbnubrlboqdm.jpg,0.5
rwecytvaiyxvxetsruyj.jpg,0.5
ojpeenpbtgpgugibecfy.jpg,0.5
jmghndwmnudlrgvzaevh.jpg,0.5
tyvazezsavrwmsocrdeh.jpg,0.5
nwgrfbahduwrigmmuitd.jpg,0.5
rtpipsednylovebdtzsj.jpg,0.5
wuyvpufspjodhawbrxzu.jpg,0.5
xovtrlfcjwaqoemypbdb.jpg,0.5
mbzmgqotxtyivsbmiqdf.jpg,0.5
oqxcfxggunvdlkqgfewi.jpg,0.5
qfprwyjlgycejeypfrka.jpg,0.5
klpgqbqtwdvsotpdyxkq.jpg,0.5
cxniyfqjwcmbiknkzseo.jpg,0.5
bjwahkffgkhnhymblxxm.jpg,0.5
zyqqhnasbxwsbnbskifk.jpg,0.5
johvhherqnvirzmbqtkz.jpg,0.5
zcpbhmttuzafjymywuka.jpg,0.5
mfvmxucqkqbqtprhtlid.jpg,0.5
temrobqglynurielufzu.jpg,0.5
bjrbrsmsnopjatlenpmk.jpg,0.5
jdefdmnjbtkdzjyzgaqt.jpg,0.5
terobhtbllgmsdektxtv.jpg,0.5
pkzzsjpmmzeegcrqttsr.jpg,0.5
erxpqrsijhoikaeorrxp.jpg,0.5
equowkgwlzroxhcvmprn.jpg,0.5
qejvwybanfltsrksevdp.jpg,0.5
ntmzebnnumhbdmxvraso.jpg,0.5
yukosvxahjdwphyunwvw.jpg,0.5
czuxsqomfyyggkhequyy.jpg,0.5
oeelfazwhejiyjccsmqn.jpg,0.5
cuyrxdqnmrjtzjleabol.jpg,0.5
wysxlbiujiibbchhwapb.jpg,0.5
uvrujzuyrklrsokmgmnc.jpg,0.5
gjcbchzwwzhalelstrgf.jpg,0.5
bqujqogdxybnwmpvkgws.jpg,0.5
wcibchbyuvghiabnvqvb.jpg,0.5
ahhoaringspcwydusezm.jpg,0.5
sgbkxfjobrbuqdaoejyx.jpg,0.5
ztepcphiqcrjllkwozgj.jpg,0.5
zfsncsynizjpfbuwrypp.jpg,0.5
